file,usable_nav,nav_decision_basis,has_lat,has_lon,has_latlon,lat_non_nan_count,lon_non_nan_count,has_sentence,n_time1,use_sentence_for_nav,error
L0004-D20170602-T224458-ES60.raw,True,latlon+sentence,True,True,True,7932,7932,True,7932,True,
L0004-D20170602-T232902-ES60.raw,True,latlon+sentence,True,True,True,7932,7932,True,7932,True,
L0004-D20170603-T001306-ES60.raw,True,latlon+sentence,True,True,True,7932,7932,True,7932,True,
L0004-D20170603-T005710-ES60.raw,True,latlon+sentence,True,True,True,7932,7932,True,7932,True,
L0004-D20170603-T014114-ES60.raw,True,latlon+sentence,True,True,True,7932,7932,True,7932,True,
L0004-D20170603-T022518-ES60.raw,True,latlon+sentence,True,True,True,7932,7932,True,7932,True,
L0004-D20170603-T030922-ES60.raw,True,latlon+sentence,True,True,True,7932,7932,True,7932,True,
L0004-D20170603-T035326-ES60.raw,True,latlon+sentence,True,True,True,7932,7932,True,7932,True,
L0004-D20170603-T043730-ES60.raw,True,latlon+sentence,True,True,True,7932,7932,True,7932,True,
L0004-D20170603-T052134-ES60.raw,True,latlon+sentence,True,True,True,7932,7932,True,7932,True,
L0004-D20170603-T060538-ES60.raw,True,latlon+sentence,True,True,True,7932,7932,True,7932,True,
L0004-D20170603-T064942-ES60.raw,True,latlon+sentence,True,True,True,7929,7929,True,7929,True,
L0004-D20170603-T073346-ES60.raw,True,latlon+sentence,True,True,True,7932,7932,True,7932,True,
L0004-D20170603-T081750-ES60.raw,True,latlon+sentence,True,True,True,7932,7932,True,7932,True,
L0004-D20170603-T090154-ES60.raw,True,latlon+sentence,True,True,True,7932,7932,True,7932,True,
L0004-D20170603-T094558-ES60.raw,True,latlon+sentence,True,True,True,7932,7932,True,7932,True,
L0004-D20170603-T103002-ES60.raw,True,latlon+sentence,True,True,True,7932,7932,True,7932,True,
L0004-D20170603-T111406-ES60.raw,True,latlon+sentence,True,True,True,7932,7932,True,7932,True,
L0004-D20170603-T115810-ES60.raw,True,latlon+sentence,True,True,True,7932,7932,True,7932,True,
L0004-D20170603-T124214-ES60.raw,True,latlon+sentence,True,True,True,7932,7932,True,7932,True,
L0004-D20170603-T132618-ES60.raw,True,latlon+sentence,True,True,True,7935,7935,True,7935,True,
L0004-D20170603-T141023-ES60.raw,True,latlon+sentence,True,True,True,7932,7932,True,7932,True,
L0004-D20170603-T145427-ES60.raw,True,latlon+sentence,True,True,True,7932,7932,True,7932,True,
L0004-D20170603-T153831-ES60.raw,True,latlon+sentence,True,True,True,4173,4173,True,4173,True,
L0005-D20170603-T160227-ES60.raw,True,latlon+sentence,True,True,True,7932,7932,True,7932,True,
L0005-D20170603-T164630-ES60.raw,True,latlon+sentence,True,True,True,4290,4290,True,4290,True,
L0006-D20170603-T171021-ES60.raw,True,latlon+sentence,True,True,True,7932,7932,True,7932,True,
L0006-D20170603-T175425-ES60.raw,True,latlon+sentence,True,True,True,7932,7932,True,7932,True,
L0006-D20170603-T183829-ES60.raw,True,latlon+sentence,True,True,True,7929,7929,True,7929,True,
L0006-D20170603-T192233-ES60.raw,True,latlon+sentence,True,True,True,7932,7932,True,7932,True,
L0006-D20170603-T200637-ES60.raw,True,latlon+sentence,True,True,True,7935,7935,True,7935,True,
L0006-D20170603-T205041-ES60.raw,True,latlon+sentence,True,True,True,7929,7929,True,7929,True,
L0006-D20170603-T213445-ES60.raw,True,latlon+sentence,True,True,True,4876,4876,True,4876,True,
L0006-D20170603-T221923-ES60.raw,True,latlon+sentence,True,True,True,5380,5380,True,5380,True,
L0006-D20170603-T230413-ES60.raw,True,latlon+sentence,True,True,True,5380,5380,True,5380,True,
L0006-D20170603-T234903-ES60.raw,True,latlon+sentence,True,True,True,5380,5380,True,5380,True,
L0006-D20170604-T003353-ES60.raw,True,latlon+sentence,True,True,True,5380,5380,True,5380,True,
L0006-D20170604-T011843-ES60.raw,True,latlon+sentence,True,True,True,5380,5380,True,5380,True,
L0006-D20170604-T020333-ES60.raw,True,latlon+sentence,True,True,True,5380,5380,True,5380,True,
L0006-D20170604-T024824-ES60.raw,True,latlon+sentence,True,True,True,5378,5378,True,5378,True,
L0006-D20170604-T033314-ES60.raw,True,latlon+sentence,True,True,True,5378,5378,True,5378,True,
L0006-D20170604-T041804-ES60.raw,True,latlon+sentence,True,True,True,5378,5378,True,5378,True,
L0006-D20170604-T050254-ES60.raw,True,latlon+sentence,True,True,True,5378,5378,True,5378,True,
L0006-D20170604-T054744-ES60.raw,True,latlon+sentence,True,True,True,5378,5378,True,5378,True,
L0006-D20170604-T063234-ES60.raw,True,latlon+sentence,True,True,True,5378,5378,True,5378,True,
L0006-D20170604-T071724-ES60.raw,True,latlon+sentence,True,True,True,2174,2174,True,2174,True,
L0007-D20170604-T073602-ES60.raw,True,latlon+sentence,True,True,True,5378,5378,True,5378,True,
L0007-D20170604-T082052-ES60.raw,True,latlon+sentence,True,True,True,2348,2348,True,2348,True,
L0008-D20170604-T084028-ES60.raw,True,latlon+sentence,True,True,True,5378,5378,True,5378,True,
L0008-D20170604-T092518-ES60.raw,True,latlon+sentence,True,True,True,2064,2064,True,2064,True,
L0009-D20170604-T094243-ES60.raw,True,latlon+sentence,True,True,True,5378,5378,True,5378,True,
L0009-D20170604-T102732-ES60.raw,True,latlon+sentence,True,True,True,5378,5378,True,5378,True,
L0009-D20170604-T111222-ES60.raw,True,latlon+sentence,True,True,True,5378,5378,True,5378,True,
L0009-D20170604-T115712-ES60.raw,True,latlon+sentence,True,True,True,5378,5378,True,5378,True,
L0009-D20170604-T124202-ES60.raw,True,latlon+sentence,True,True,True,2160,2160,True,2160,True,
L0010-D20170604-T130005-ES60.raw,True,latlon+sentence,True,True,True,5378,5378,True,5378,True,
L0010-D20170604-T134455-ES60.raw,True,latlon+sentence,True,True,True,5380,5380,True,5380,True,
L0010-D20170604-T142945-ES60.raw,True,latlon+sentence,True,True,True,276,276,True,276,True,
L0011-D20170604-T143204-ES60.raw,True,latlon+sentence,True,True,True,5378,5378,True,5378,True,
L0011-D20170604-T151653-ES60.raw,True,latlon+sentence,True,True,True,5378,5378,True,5378,True,
L0011-D20170604-T160143-ES60.raw,True,latlon+sentence,True,True,True,5378,5378,True,5378,True,
L0011-D20170604-T164633-ES60.raw,True,latlon+sentence,True,True,True,5378,5378,True,5378,True,
L0011-D20170604-T173123-ES60.raw,True,latlon+sentence,True,True,True,5378,5378,True,5378,True,
L0012-D20170604-T181819-ES60.raw,True,latlon+sentence,True,True,True,5378,5378,True,5378,True,
L0012-D20170604-T190309-ES60.raw,True,latlon+sentence,True,True,True,5380,5380,True,5380,True,
L0012-D20170604-T194759-ES60.raw,True,latlon+sentence,True,True,True,5380,5380,True,5380,True,
L0012-D20170604-T203249-ES60.raw,True,latlon+sentence,True,True,True,5380,5380,True,5380,True,
L0012-D20170604-T211739-ES60.raw,True,latlon+sentence,True,True,True,5378,5378,True,5378,True,
L0012-D20170604-T220229-ES60.raw,True,latlon+sentence,True,True,True,5378,5378,True,5378,True,
L0012-D20170604-T224719-ES60.raw,True,latlon+sentence,True,True,True,5378,5378,True,5378,True,
L0012-D20170604-T233209-ES60.raw,True,latlon+sentence,True,True,True,5378,5378,True,5378,True,
L0012-D20170605-T001659-ES60.raw,True,latlon+sentence,True,True,True,5378,5378,True,5378,True,
L0012-D20170605-T010149-ES60.raw,True,latlon+sentence,True,True,True,5378,5378,True,5378,True,
L0012-D20170605-T014639-ES60.raw,True,latlon+sentence,True,True,True,5378,5378,True,5378,True,
L0012-D20170605-T023129-ES60.raw,True,latlon+sentence,True,True,True,5378,5378,True,5378,True,
L0012-D20170605-T031619-ES60.raw,True,latlon+sentence,True,True,True,5378,5378,True,5378,True,
L0012-D20170605-T040109-ES60.raw,True,latlon+sentence,True,True,True,5378,5378,True,5378,True,
L0012-D20170605-T044559-ES60.raw,True,latlon+sentence,True,True,True,5378,5378,True,5378,True,
L0012-D20170605-T053049-ES60.raw,True,latlon+sentence,True,True,True,5378,5378,True,5378,True,
L0012-D20170605-T061539-ES60.raw,True,latlon+sentence,True,True,True,5378,5378,True,5378,True,
L0012-D20170605-T070029-ES60.raw,True,latlon+sentence,True,True,True,734,734,True,734,True,
L0013-D20170605-T070639-ES60.raw,True,latlon+sentence,True,True,True,5378,5378,True,5378,True,
L0013-D20170605-T075128-ES60.raw,True,latlon+sentence,True,True,True,934,934,True,934,True,
L0014-D20170605-T075917-ES60.raw,True,latlon+sentence,True,True,True,5378,5378,True,5378,True,
L0014-D20170605-T084406-ES60.raw,True,latlon+sentence,True,True,True,5380,5380,True,5380,True,
L0014-D20170605-T092856-ES60.raw,True,latlon+sentence,True,True,True,5380,5380,True,5380,True,
L0014-D20170605-T101347-ES60.raw,True,latlon+sentence,True,True,True,106,106,True,106,True,
L0015-D20170605-T101442-ES60.raw,True,latlon+sentence,True,True,True,5378,5378,True,5378,True,
L0015-D20170605-T105931-ES60.raw,True,latlon+sentence,True,True,True,574,574,True,574,True,
L0016-D20170605-T110420-ES60.raw,True,latlon+sentence,True,True,True,5378,5378,True,5378,True,
L0016-D20170605-T114910-ES60.raw,True,latlon+sentence,True,True,True,5380,5380,True,5380,True,
L0016-D20170605-T123400-ES60.raw,True,latlon+sentence,True,True,True,3118,3118,True,3118,True,
L0017-D20170605-T130001-ES60.raw,True,latlon+sentence,True,True,True,5378,5378,True,5378,True,
L0017-D20170605-T134450-ES60.raw,True,latlon+sentence,True,True,True,5378,5378,True,5378,True,
L0017-D20170605-T142940-ES60.raw,True,latlon+sentence,True,True,True,5378,5378,True,5378,True,
L0018-D20170605-T151445-ES60.raw,True,latlon+sentence,True,True,True,5378,5378,True,5378,True,
L0018-D20170605-T155935-ES60.raw,True,latlon+sentence,True,True,True,5378,5378,True,5378,True,
L0018-D20170605-T164425-ES60.raw,True,latlon+sentence,True,True,True,5380,5380,True,5380,True,
L0018-D20170605-T172915-ES60.raw,True,latlon+sentence,True,True,True,5380,5380,True,5380,True,
L0018-D20170605-T181405-ES60.raw,True,latlon+sentence,True,True,True,5380,5380,True,5380,True,
L0018-D20170605-T185855-ES60.raw,True,latlon+sentence,True,True,True,5380,5380,True,5380,True,
L0018-D20170605-T194345-ES60.raw,True,latlon+sentence,True,True,True,5380,5380,True,5380,True,
L0018-D20170605-T202835-ES60.raw,True,latlon+sentence,True,True,True,5380,5380,True,5380,True,
L0018-D20170605-T211325-ES60.raw,True,latlon+sentence,True,True,True,5380,5380,True,5380,True,
L0018-D20170605-T215815-ES60.raw,True,latlon+sentence,True,True,True,5378,5378,True,5378,True,
L0018-D20170605-T224305-ES60.raw,True,latlon+sentence,True,True,True,5378,5378,True,5378,True,
L0018-D20170605-T232755-ES60.raw,True,latlon+sentence,True,True,True,5378,5378,True,5378,True,
L0018-D20170606-T001245-ES60.raw,True,latlon+sentence,True,True,True,5378,5378,True,5378,True,
L0018-D20170606-T005735-ES60.raw,True,latlon+sentence,True,True,True,5378,5378,True,5378,True,
L0018-D20170606-T014225-ES60.raw,True,latlon+sentence,True,True,True,5378,5378,True,5378,True,
L0018-D20170606-T022715-ES60.raw,True,latlon+sentence,True,True,True,5378,5378,True,5378,True,
L0018-D20170606-T031205-ES60.raw,True,latlon+sentence,True,True,True,5378,5378,True,5378,True,
L0018-D20170606-T035655-ES60.raw,True,latlon+sentence,True,True,True,5378,5378,True,5378,True,
L0018-D20170606-T044145-ES60.raw,True,latlon+sentence,True,True,True,5378,5378,True,5378,True,
L0018-D20170606-T052635-ES60.raw,True,latlon+sentence,True,True,True,5378,5378,True,5378,True,
L0018-D20170606-T061125-ES60.raw,True,latlon+sentence,True,True,True,5036,5036,True,5036,True,
L0019-D20170606-T065324-ES60.raw,True,latlon+sentence,True,True,True,5378,5378,True,5378,True,
L0019-D20170606-T073814-ES60.raw,True,latlon+sentence,True,True,True,490,490,True,490,True,
L0020-D20170606-T074221-ES60.raw,True,latlon+sentence,True,True,True,5378,5378,True,5378,True,
L0020-D20170606-T082710-ES60.raw,True,latlon+sentence,True,True,True,5380,5380,True,5380,True,
L0020-D20170606-T091200-ES60.raw,True,latlon+sentence,True,True,True,5380,5380,True,5380,True,
L0020-D20170606-T095650-ES60.raw,True,latlon+sentence,True,True,True,5378,5378,True,5378,True,
L0020-D20170606-T104140-ES60.raw,True,latlon+sentence,True,True,True,818,818,True,818,True,
L0021-D20170606-T104831-ES60.raw,True,latlon+sentence,True,True,True,5334,5334,True,5334,True,
L0022-D20170606-T113259-ES60.raw,True,latlon+sentence,True,True,True,5380,5380,True,5380,True,
L0022-D20170606-T121749-ES60.raw,True,latlon+sentence,True,True,True,2596,2596,True,2596,True,
L0023-D20170606-T130159-ES60.raw,True,latlon+sentence,True,True,True,2,2,True,2,True,
L0023-D20170606-T134648-ES60.raw,True,latlon+sentence,True,True,True,2,2,True,2,True,
L0024-D20170606-T135231-ES60.raw,True,latlon+sentence,True,True,True,3582,3582,True,3582,True,
L0024-D20170606-T143720-ES60.raw,True,latlon+sentence,True,True,True,5378,5378,True,5378,True,
L0024-D20170606-T152210-ES60.raw,True,latlon+sentence,True,True,True,2170,2170,True,2170,True,
L0025-D20170606-T154016-ES60.raw,True,latlon+sentence,True,True,True,5378,5378,True,5378,True,
L0025-D20170606-T162506-ES60.raw,True,latlon+sentence,True,True,True,5380,5380,True,5380,True,
L0025-D20170606-T170956-ES60.raw,True,latlon+sentence,True,True,True,5380,5380,True,5380,True,
L0025-D20170606-T175446-ES60.raw,True,latlon+sentence,True,True,True,5380,5380,True,5380,True,
L0025-D20170606-T183936-ES60.raw,True,latlon+sentence,True,True,True,2292,2292,True,2292,True,
L0026-D20170606-T185845-ES60.raw,True,latlon+sentence,True,True,True,5378,5378,True,5378,True,
L0026-D20170606-T194334-ES60.raw,True,latlon+sentence,True,True,True,5378,5378,True,5378,True,
L0026-D20170606-T202824-ES60.raw,True,latlon+sentence,True,True,True,5378,5378,True,5378,True,
L0026-D20170606-T211314-ES60.raw,True,latlon+sentence,True,True,True,5378,5378,True,5378,True,
L0026-D20170606-T215804-ES60.raw,True,latlon+sentence,True,True,True,5380,5380,True,5380,True,
L0026-D20170606-T224254-ES60.raw,True,latlon+sentence,True,True,True,5380,5380,True,5380,True,
L0026-D20170606-T232744-ES60.raw,True,latlon+sentence,True,True,True,5380,5380,True,5380,True,
L0026-D20170607-T001234-ES60.raw,True,latlon+sentence,True,True,True,5380,5380,True,5380,True,
L0026-D20170607-T005724-ES60.raw,True,latlon+sentence,True,True,True,5380,5380,True,5380,True,
L0026-D20170607-T014214-ES60.raw,True,latlon+sentence,True,True,True,5386,5386,True,5386,True,
L0026-D20170607-T022708-ES60.raw,True,latlon+sentence,True,True,True,5400,5400,True,5400,True,
L0026-D20170607-T031208-ES60.raw,True,latlon+sentence,True,True,True,5380,5380,True,5380,True,
L0026-D20170607-T035658-ES60.raw,True,latlon+sentence,True,True,True,5380,5380,True,5380,True,
L0026-D20170607-T044148-ES60.raw,True,latlon+sentence,True,True,True,5380,5380,True,5380,True,
L0026-D20170607-T052638-ES60.raw,True,latlon+sentence,True,True,True,5380,5380,True,5380,True,
L0026-D20170607-T061128-ES60.raw,True,latlon+sentence,True,True,True,5140,5140,True,5140,True,
L0027-D20170607-T065419-ES60.raw,True,latlon+sentence,True,True,True,5378,5378,True,5378,True,
L0028-D20170607-T073948-ES60.raw,True,latlon+sentence,True,True,True,5378,5378,True,5378,True,
L0028-D20170607-T082438-ES60.raw,True,latlon+sentence,True,True,True,5378,5378,True,5378,True,
L0028-D20170607-T090928-ES60.raw,True,latlon+sentence,True,True,True,5378,5378,True,5378,True,
L0028-D20170607-T095418-ES60.raw,True,latlon+sentence,True,True,True,1494,1494,True,1494,True,
L0029-D20170607-T100647-ES60.raw,True,latlon+sentence,True,True,True,1376,1376,True,1376,True,
L0030-D20170607-T101815-ES60.raw,True,latlon+sentence,True,True,True,5378,5378,True,5378,True,
L0030-D20170607-T110305-ES60.raw,True,latlon+sentence,True,True,True,5380,5380,True,5380,True,
L0030-D20170607-T114755-ES60.raw,True,latlon+sentence,True,True,True,5140,5140,True,5140,True,
L0031-D20170607-T123047-ES60.raw,True,latlon+sentence,True,True,True,5378,5378,True,5378,True,
L0031-D20170607-T131537-ES60.raw,True,latlon+sentence,True,True,True,1334,1334,True,1334,True,
L0032-D20170607-T132644-ES60.raw,True,latlon+sentence,True,True,True,5378,5378,True,5378,True,
L0032-D20170607-T141134-ES60.raw,True,latlon+sentence,True,True,True,5380,5380,True,5380,True,
L0032-D20170607-T145624-ES60.raw,True,latlon+sentence,True,True,True,3654,3654,True,3654,True,
L0033-D20170607-T152653-ES60.raw,True,latlon+sentence,True,True,True,5378,5378,True,5378,True,
L0033-D20170607-T161143-ES60.raw,True,latlon+sentence,True,True,True,910,910,True,910,True,
L0034-D20170607-T161919-ES60.raw,True,latlon+sentence,True,True,True,5378,5378,True,5378,True,
L0034-D20170607-T170409-ES60.raw,True,latlon+sentence,True,True,True,5380,5380,True,5380,True,
L0034-D20170607-T174859-ES60.raw,True,latlon+sentence,True,True,True,5380,5380,True,5380,True,
L0034-D20170607-T183349-ES60.raw,True,latlon+sentence,True,True,True,5380,5380,True,5380,True,
L0034-D20170607-T191839-ES60.raw,True,latlon+sentence,True,True,True,5380,5380,True,5380,True,
L0034-D20170607-T200329-ES60.raw,True,latlon+sentence,True,True,True,5380,5380,True,5380,True,
L0034-D20170607-T204819-ES60.raw,True,latlon+sentence,True,True,True,5380,5380,True,5380,True,
L0034-D20170607-T213309-ES60.raw,True,latlon+sentence,True,True,True,5378,5378,True,5378,True,
L0034-D20170607-T221759-ES60.raw,True,latlon+sentence,True,True,True,5378,5378,True,5378,True,
L0034-D20170607-T230249-ES60.raw,True,latlon+sentence,True,True,True,5378,5378,True,5378,True,
L0034-D20170607-T234739-ES60.raw,True,latlon+sentence,True,True,True,5378,5378,True,5378,True,
L0034-D20170608-T003229-ES60.raw,True,latlon+sentence,True,True,True,5378,5378,True,5378,True,
L0034-D20170608-T011719-ES60.raw,True,latlon+sentence,True,True,True,5378,5378,True,5378,True,
L0034-D20170608-T020209-ES60.raw,True,latlon+sentence,True,True,True,5378,5378,True,5378,True,
L0034-D20170608-T024659-ES60.raw,True,latlon+sentence,True,True,True,5378,5378,True,5378,True,
L0034-D20170608-T033149-ES60.raw,True,latlon+sentence,True,True,True,5378,5378,True,5378,True,
L0034-D20170608-T041639-ES60.raw,True,latlon+sentence,True,True,True,5378,5378,True,5378,True,
L0034-D20170608-T050129-ES60.raw,True,latlon+sentence,True,True,True,5378,5378,True,5378,True,
L0034-D20170608-T054619-ES60.raw,True,latlon+sentence,True,True,True,5378,5378,True,5378,True,
L0034-D20170608-T063109-ES60.raw,True,latlon+sentence,True,True,True,2610,2610,True,2610,True,
L0035-D20170608-T065257-ES60.raw,True,latlon+sentence,True,True,True,5378,5378,True,5378,True,
L0035-D20170608-T073747-ES60.raw,True,latlon+sentence,True,True,True,2760,2760,True,2760,True,
L0036-D20170608-T080048-ES60.raw,True,latlon+sentence,True,True,True,5378,5378,True,5378,True,
L0036-D20170608-T084538-ES60.raw,True,latlon+sentence,True,True,True,5372,5372,True,5372,True,
L0037-D20170608-T093026-ES60.raw,True,latlon+sentence,True,True,True,5378,5378,True,5378,True,
L0037-D20170608-T101516-ES60.raw,True,latlon+sentence,True,True,True,506,506,True,506,True,
L0038-D20170608-T101930-ES60.raw,True,latlon+sentence,True,True,True,5378,5378,True,5378,True,
L0038-D20170608-T110420-ES60.raw,True,latlon+sentence,True,True,True,5380,5380,True,5380,True,
L0038-D20170608-T114910-ES60.raw,True,latlon+sentence,True,True,True,2340,2340,True,2340,True,
L0039-D20170608-T120840-ES60.raw,True,latlon+sentence,True,True,True,5378,5378,True,5378,True,
L0039-D20170608-T125330-ES60.raw,True,latlon+sentence,True,True,True,5380,5380,True,5380,True,
L0039-D20170608-T133820-ES60.raw,True,latlon+sentence,True,True,True,5380,5380,True,5380,True,
L0039-D20170608-T142310-ES60.raw,True,latlon+sentence,True,True,True,3014,3014,True,3014,True,
L0040-D20170608-T144819-ES60.raw,True,latlon+sentence,True,True,True,3648,3648,True,3648,True,
L0041-D20170608-T151844-ES60.raw,True,latlon+sentence,True,True,True,5378,5378,True,5378,True,
L0041-D20170608-T160334-ES60.raw,True,latlon+sentence,True,True,True,5380,5380,True,5380,True,
L0041-D20170608-T164824-ES60.raw,True,latlon+sentence,True,True,True,726,726,True,726,True,
L0042-D20170608-T165428-ES60.raw,True,latlon+sentence,True,True,True,5378,5378,True,5378,True,
L0042-D20170608-T173917-ES60.raw,True,latlon+sentence,True,True,True,5378,5378,True,5378,True,
L0042-D20170608-T182407-ES60.raw,True,latlon+sentence,True,True,True,5378,5378,True,5378,True,
L0042-D20170608-T190857-ES60.raw,True,latlon+sentence,True,True,True,5378,5378,True,5378,True,
L0042-D20170608-T195347-ES60.raw,True,latlon+sentence,True,True,True,5380,5380,True,5380,True,
L0042-D20170608-T203838-ES60.raw,True,latlon+sentence,True,True,True,5378,5378,True,5378,True,
L0042-D20170608-T212328-ES60.raw,True,latlon+sentence,True,True,True,5378,5378,True,5378,True,
L0042-D20170608-T220818-ES60.raw,True,latlon+sentence,True,True,True,5380,5380,True,5380,True,
L0042-D20170608-T225308-ES60.raw,True,latlon+sentence,True,True,True,5380,5380,True,5380,True,
L0042-D20170608-T233758-ES60.raw,True,latlon+sentence,True,True,True,5380,5380,True,5380,True,
L0042-D20170609-T002248-ES60.raw,True,latlon+sentence,True,True,True,5380,5380,True,5380,True,
L0042-D20170609-T010738-ES60.raw,True,latlon+sentence,True,True,True,5380,5380,True,5380,True,
L0042-D20170609-T015228-ES60.raw,True,latlon+sentence,True,True,True,5380,5380,True,5380,True,
L0042-D20170609-T023718-ES60.raw,True,latlon+sentence,True,True,True,5380,5380,True,5380,True,
L0042-D20170609-T032208-ES60.raw,True,latlon+sentence,True,True,True,5380,5380,True,5380,True,
L0042-D20170609-T040658-ES60.raw,True,latlon+sentence,True,True,True,5380,5380,True,5380,True,
L0042-D20170609-T045148-ES60.raw,True,latlon+sentence,True,True,True,5380,5380,True,5380,True,
L0042-D20170609-T053638-ES60.raw,True,latlon+sentence,True,True,True,5380,5380,True,5380,True,
L0042-D20170609-T062128-ES60.raw,True,latlon+sentence,True,True,True,4190,4190,True,4190,True,
L0043-D20170609-T065625-ES60.raw,True,latlon+sentence,True,True,True,5378,5378,True,5378,True,
L0043-D20170609-T074114-ES60.raw,True,latlon+sentence,True,True,True,220,220,True,220,True,
L0044-D20170609-T074305-ES60.raw,True,latlon+sentence,True,True,True,5378,5378,True,5378,True,
L0044-D20170609-T082755-ES60.raw,True,latlon+sentence,True,True,True,5378,5378,True,5378,True,
L0044-D20170609-T091245-ES60.raw,True,latlon+sentence,True,True,True,3878,3878,True,3878,True,
L0045-D20170609-T094505-ES60.raw,True,latlon+sentence,True,True,True,5014,5014,True,5014,True,
L0046-D20170609-T102653-ES60.raw,True,latlon+sentence,True,True,True,5378,5378,True,5378,True,
L0046-D20170609-T111142-ES60.raw,True,latlon+sentence,True,True,True,5378,5378,True,5378,True,
L0046-D20170609-T115632-ES60.raw,True,latlon+sentence,True,True,True,1322,1322,True,1322,True,
L0047-D20170609-T120734-ES60.raw,True,latlon+sentence,True,True,True,5378,5378,True,5378,True,
L0047-D20170609-T125224-ES60.raw,True,latlon+sentence,True,True,True,1042,1042,True,1042,True,
L0048-D20170609-T130106-ES60.raw,True,latlon+sentence,True,True,True,5378,5378,True,5378,True,
L0048-D20170609-T134556-ES60.raw,True,latlon+sentence,True,True,True,5380,5380,True,5380,True,
L0048-D20170609-T143046-ES60.raw,True,latlon+sentence,True,True,True,1640,1640,True,1640,True,
L0049-D20170609-T144428-ES60.raw,True,latlon+sentence,True,True,True,5378,5378,True,5378,True,
L0049-D20170609-T152917-ES60.raw,True,latlon+sentence,True,True,True,1128,1128,True,1128,True,
L0050-D20170609-T153845-ES60.raw,True,latlon+sentence,True,True,True,5377,5377,True,5377,True,
L0050-D20170609-T162335-ES60.raw,True,latlon+sentence,True,True,True,5380,5380,True,5380,True,
L0050-D20170609-T170825-ES60.raw,True,latlon+sentence,True,True,True,5380,5380,True,5380,True,
L0050-D20170609-T175315-ES60.raw,True,latlon+sentence,True,True,True,450,450,True,450,True,
L0051-D20170609-T175701-ES60.raw,True,latlon+sentence,True,True,True,5378,5378,True,5378,True,
L0051-D20170609-T184151-ES60.raw,True,latlon+sentence,True,True,True,242,242,True,242,True,
L0052-D20170609-T184354-ES60.raw,True,latlon+sentence,True,True,True,5378,5378,True,5378,True,
L0052-D20170609-T192844-ES60.raw,True,latlon+sentence,True,True,True,5380,5380,True,5380,True,
L0052-D20170609-T201334-ES60.raw,True,latlon+sentence,True,True,True,5380,5380,True,5380,True,
L0052-D20170609-T205824-ES60.raw,True,latlon+sentence,True,True,True,5380,5380,True,5380,True,
L0052-D20170609-T214314-ES60.raw,True,latlon+sentence,True,True,True,5380,5380,True,5380,True,
L0052-D20170609-T222804-ES60.raw,True,latlon+sentence,True,True,True,5378,5378,True,5378,True,
L0052-D20170609-T231254-ES60.raw,True,latlon+sentence,True,True,True,453,453,True,453,True,
L0052-D20170609-T235744-ES60.raw,True,latlon+sentence,True,True,True,2,2,True,2,True,
L0052-D20170610-T004234-ES60.raw,True,latlon+sentence,True,True,True,2,2,True,2,True,
L0052-D20170610-T012724-ES60.raw,True,latlon+sentence,True,True,True,2,2,True,2,True,
L0052-D20170610-T021214-ES60.raw,True,latlon+sentence,True,True,True,2,2,True,2,True,
L0052-D20170610-T025704-ES60.raw,True,latlon+sentence,True,True,True,2,2,True,2,True,
L0052-D20170610-T034154-ES60.raw,True,latlon+sentence,True,True,True,2,2,True,2,True,
L0052-D20170610-T042644-ES60.raw,True,latlon+sentence,True,True,True,2,2,True,2,True,
L0052-D20170610-T051134-ES60.raw,True,latlon+sentence,True,True,True,2,2,True,2,True,
L0052-D20170610-T055624-ES60.raw,True,latlon+sentence,True,True,True,2,2,True,2,True,
L0052-D20170610-T064114-ES60.raw,True,latlon+sentence,True,True,True,2,2,True,2,True,
L0053-D20170610-T070634-ES60.raw,True,latlon+sentence,True,True,True,4192,4192,True,4192,True,
L0053-D20170610-T075124-ES60.raw,True,latlon+sentence,True,True,True,1056,1056,True,1056,True,
L0054-D20170610-T080014-ES60.raw,True,latlon+sentence,True,True,True,5378,5378,True,5378,True,
L0054-D20170610-T084503-ES60.raw,True,latlon+sentence,True,True,True,5380,5380,True,5380,True,
L0054-D20170610-T092953-ES60.raw,True,latlon+sentence,True,True,True,5274,5274,True,5274,True,
L0055-D20170610-T101351-ES60.raw,True,latlon+sentence,True,True,True,5378,5378,True,5378,True,
L0055-D20170610-T105841-ES60.raw,True,latlon+sentence,True,True,True,5378,5378,True,5378,True,
L0055-D20170610-T114331-ES60.raw,True,latlon+sentence,True,True,True,5378,5378,True,5378,True,
L0055-D20170610-T122821-ES60.raw,True,latlon+sentence,True,True,True,5378,5378,True,5378,True,
L0055-D20170610-T131311-ES60.raw,True,latlon+sentence,True,True,True,2188,2188,True,2188,True,
L0056-D20170610-T133127-ES60.raw,True,latlon+sentence,True,True,True,5382,5382,True,5382,True,
L0056-D20170610-T141618-ES60.raw,True,latlon+sentence,True,True,True,454,454,True,454,True,
L0057-D20170610-T142007-ES60.raw,True,latlon+sentence,True,True,True,5378,5378,True,5378,True,
L0057-D20170610-T150457-ES60.raw,True,latlon+sentence,True,True,True,5380,5380,True,5380,True,
L0057-D20170610-T154947-ES60.raw,True,latlon+sentence,True,True,True,4813,4813,True,4813,True,
L0058-D20170610-T162955-ES60.raw,True,latlon+sentence,True,True,True,5378,5378,True,5378,True,
L0058-D20170610-T171445-ES60.raw,True,latlon+sentence,True,True,True,1858,1858,True,1858,True,
L0059-D20170610-T173015-ES60.raw,True,latlon+sentence,True,True,True,5378,5378,True,5378,True,
L0059-D20170610-T181504-ES60.raw,True,latlon+sentence,True,True,True,5378,5378,True,5378,True,
L0059-D20170610-T185954-ES60.raw,True,latlon+sentence,True,True,True,5378,5378,True,5378,True,
L0059-D20170610-T194444-ES60.raw,True,latlon+sentence,True,True,True,5378,5378,True,5378,True,
L0059-D20170610-T202934-ES60.raw,True,latlon+sentence,True,True,True,4496,4496,True,4496,True,
L0061-D20170611-T070705-ES60.raw,True,latlon+sentence,True,True,True,5378,5378,True,5378,True,
L0061-D20170611-T075154-ES60.raw,True,latlon+sentence,True,True,True,416,416,True,416,True,
L0062-D20170611-T075523-ES60.raw,True,latlon+sentence,True,True,True,5378,5378,True,5378,True,
L0062-D20170611-T084013-ES60.raw,True,latlon+sentence,True,True,True,5378,5378,True,5378,True,
L0062-D20170611-T092503-ES60.raw,True,latlon+sentence,True,True,True,1512,1512,True,1512,True,
L0063-D20170611-T093741-ES60.raw,True,latlon+sentence,True,True,True,5357,5357,True,5358,True,
L0063-D20170611-T102230-ES60.raw,True,latlon+sentence,True,True,True,1162,1162,True,1162,True,
L0064-D20170611-T103213-ES60.raw,True,latlon+sentence,True,True,True,5292,5292,True,5292,True,
L0064-D20170611-T111637-ES60.raw,True,latlon+sentence,True,True,True,7092,7092,True,7092,True,
L0064-D20170611-T120049-ES60.raw,True,latlon+sentence,True,True,True,2916,2916,True,2916,True,
L0065-D20170611-T121702-ES60.raw,True,latlon+sentence,True,True,True,7935,7935,True,7935,True,
L0065-D20170611-T130107-ES60.raw,True,latlon+sentence,True,True,True,3921,3921,True,3921,True,
L0066-D20170611-T132255-ES60.raw,True,latlon+sentence,True,True,True,7929,7929,True,7929,True,
L0066-D20170611-T140658-ES60.raw,True,latlon+sentence,True,True,True,7881,7881,True,7881,True,
L0067-D20170611-T145046-ES60.raw,True,latlon+sentence,True,True,True,7932,7932,True,7932,True,
L0067-D20170611-T153449-ES60.raw,True,latlon+sentence,True,True,True,1497,1497,True,1497,True,
L0068-D20170611-T154310-ES60.raw,True,latlon+sentence,True,True,True,7932,7932,True,7932,True,
L0068-D20170611-T162713-ES60.raw,True,latlon+sentence,True,True,True,7932,7932,True,7932,True,
L0068-D20170611-T171118-ES60.raw,True,latlon+sentence,True,True,True,7932,7932,True,7932,True,
L0068-D20170611-T175522-ES60.raw,True,latlon+sentence,True,True,True,6369,6369,True,6369,True,
L0069-D20170611-T183046-ES60.raw,True,latlon+sentence,True,True,True,7929,7929,True,7929,True,
L0069-D20170611-T191449-ES60.raw,True,latlon+sentence,True,True,True,7929,7929,True,7929,True,
L0069-D20170611-T195852-ES60.raw,True,latlon+sentence,True,True,True,7932,7932,True,7932,True,
L0069-D20170611-T204256-ES60.raw,True,latlon+sentence,True,True,True,7932,7932,True,7932,True,
L0069-D20170611-T212700-ES60.raw,True,latlon+sentence,True,True,True,7932,7932,True,7932,True,
L0069-D20170611-T221104-ES60.raw,True,latlon+sentence,True,True,True,7932,7932,True,7932,True,
L0069-D20170611-T225508-ES60.raw,True,latlon+sentence,True,True,True,7932,7932,True,7932,True,
L0069-D20170611-T233912-ES60.raw,True,latlon+sentence,True,True,True,7932,7932,True,7932,True,
L0069-D20170612-T002316-ES60.raw,True,latlon+sentence,True,True,True,7932,7932,True,7932,True,
L0069-D20170612-T010720-ES60.raw,True,latlon+sentence,True,True,True,7938,7938,True,7938,True,
L0069-D20170612-T015126-ES60.raw,True,latlon+sentence,True,True,True,7932,7932,True,7932,True,
L0069-D20170612-T023530-ES60.raw,True,latlon+sentence,True,True,True,7932,7932,True,7932,True,
L0069-D20170612-T031934-ES60.raw,True,latlon+sentence,True,True,True,7938,7938,True,7938,True,
L0069-D20170612-T040340-ES60.raw,True,latlon+sentence,True,True,True,7932,7932,True,7932,True,
L0069-D20170612-T044744-ES60.raw,True,latlon+sentence,True,True,True,7932,7932,True,7932,True,
L0069-D20170612-T053148-ES60.raw,True,latlon+sentence,True,True,True,7932,7932,True,7932,True,
L0069-D20170612-T061552-ES60.raw,True,latlon+sentence,True,True,True,7230,7230,True,7230,True,
L0070-D20170612-T065604-ES60.raw,True,latlon+sentence,True,True,True,7932,7932,True,7932,True,
L0070-D20170612-T074007-ES60.raw,True,latlon+sentence,True,True,True,975,975,True,975,True,
L0071-D20170612-T074533-ES60.raw,True,latlon+sentence,True,True,True,7929,7929,True,7929,True,
L0071-D20170612-T082937-ES60.raw,True,latlon+sentence,True,True,True,7932,7932,True,7932,True,
L0071-D20170612-T091341-ES60.raw,True,latlon+sentence,True,True,True,4068,4068,True,4068,True,
L0072-D20170612-T093617-ES60.raw,True,latlon+sentence,True,True,True,7932,7932,True,7932,True,
L0073-D20170612-T102040-ES60.raw,True,latlon+sentence,True,True,True,7929,7929,True,7929,True,
L0073-D20170612-T110443-ES60.raw,True,latlon+sentence,True,True,True,7929,7929,True,7929,True,
L0073-D20170612-T114847-ES60.raw,True,latlon+sentence,True,True,True,4149,4149,True,4149,True,
L0074-D20170612-T121150-ES60.raw,True,latlon+sentence,True,True,True,7929,7929,True,7929,True,
L0074-D20170612-T125554-ES60.raw,True,latlon+sentence,True,True,True,1311,1311,True,1311,True,
L0075-D20170612-T130312-ES60.raw,True,latlon+sentence,True,True,True,7932,7932,True,7932,True,
L0075-D20170612-T134715-ES60.raw,True,latlon+sentence,True,True,True,7929,7929,True,7929,True,
L0075-D20170612-T143119-ES60.raw,True,latlon+sentence,True,True,True,4683,4683,True,4683,True,
L0076-D20170612-T145721-ES60.raw,True,latlon+sentence,True,True,True,7932,7932,True,7932,True,
L0076-D20170612-T154124-ES60.raw,True,latlon+sentence,True,True,True,849,849,True,849,True,
L0077-D20170612-T154609-ES60.raw,True,latlon+sentence,True,True,True,7929,7929,True,7929,True,
L0077-D20170612-T163012-ES60.raw,True,latlon+sentence,True,True,True,7932,7932,True,7932,True,
L0077-D20170612-T171415-ES60.raw,True,latlon+sentence,True,True,True,4530,4530,True,4530,True,
L0078-D20170612-T173926-ES60.raw,True,latlon+sentence,True,True,True,7932,7932,True,7932,True,
L0078-D20170612-T182330-ES60.raw,True,latlon+sentence,True,True,True,5448,5448,True,5448,True,
L0079-D20170612-T185347-ES60.raw,True,latlon+sentence,True,True,True,7932,7932,True,7932,True,
L0079-D20170612-T193750-ES60.raw,True,latlon+sentence,True,True,True,7932,7932,True,7932,True,
L0079-D20170612-T202154-ES60.raw,True,latlon+sentence,True,True,True,7929,7929,True,7929,True,
L0079-D20170612-T210558-ES60.raw,True,latlon+sentence,True,True,True,2316,2316,True,2316,True,
L0080-D20170613-T110455-ES60.raw,True,latlon+sentence,True,True,True,7932,7932,True,7932,True,
L0080-D20170613-T114858-ES60.raw,True,latlon+sentence,True,True,True,6987,6987,True,6987,True,
L0081-D20170613-T122749-ES60.raw,True,latlon+sentence,True,True,True,7929,7929,True,7929,True,
L0081-D20170613-T131152-ES60.raw,True,latlon+sentence,True,True,True,7932,7932,True,7932,True,
L0081-D20170613-T135555-ES60.raw,True,latlon+sentence,True,True,True,4101,4101,True,4101,True,
L0082-D20170613-T141844-ES60.raw,True,latlon+sentence,True,True,True,7932,7932,True,7932,True,
L0082-D20170613-T150248-ES60.raw,True,latlon+sentence,True,True,True,663,663,True,663,True,
L0083-D20170613-T150630-ES60.raw,True,latlon+sentence,True,True,True,7932,7932,True,7932,True,
L0083-D20170613-T155033-ES60.raw,True,latlon+sentence,True,True,True,7929,7929,True,7929,True,
L0083-D20170613-T163437-ES60.raw,True,latlon+sentence,True,True,True,5019,5019,True,5019,True,
L0084-D20170613-T170230-ES60.raw,True,latlon+sentence,True,True,True,7929,7929,True,7929,True,
L0084-D20170613-T174634-ES60.raw,True,latlon+sentence,True,True,True,7932,7932,True,7932,True,
L0084-D20170613-T183038-ES60.raw,True,latlon+sentence,True,True,True,771,771,True,771,True,
L0085-D20170613-T183456-ES60.raw,True,latlon+sentence,True,True,True,7932,7932,True,7932,True,
L0085-D20170613-T191859-ES60.raw,True,latlon+sentence,True,True,True,7929,7929,True,7929,True,
L0085-D20170613-T200303-ES60.raw,True,latlon+sentence,True,True,True,7935,7935,True,7935,True,
L0085-D20170613-T204708-ES60.raw,True,latlon+sentence,True,True,True,7932,7932,True,7932,True,
L0085-D20170613-T213112-ES60.raw,True,latlon+sentence,True,True,True,7929,7929,True,7929,True,
L0085-D20170613-T221515-ES60.raw,True,latlon+sentence,True,True,True,3915,3915,True,3915,True,
L0086-D20170614-T104159-ES60.raw,True,latlon+sentence,True,True,True,7932,7932,True,7932,True,
L0086-D20170614-T112602-ES60.raw,True,latlon+sentence,True,True,True,7932,7932,True,7932,True,
L0086-D20170614-T121006-ES60.raw,True,latlon+sentence,True,True,True,5469,5469,True,5469,True,
L0087-D20170614-T124031-ES60.raw,True,latlon+sentence,True,True,True,7932,7932,True,7932,True,
L0087-D20170614-T132434-ES60.raw,True,latlon+sentence,True,True,True,7932,7932,True,7932,True,
L0087-D20170614-T140838-ES60.raw,True,latlon+sentence,True,True,True,7632,7632,True,7632,True,
L0088-D20170614-T145103-ES60.raw,True,latlon+sentence,True,True,True,7572,7572,True,7572,True,
L0089-D20170614-T153308-ES60.raw,True,latlon+sentence,True,True,True,7932,7932,True,7932,True,
L0089-D20170614-T161711-ES60.raw,True,latlon+sentence,True,True,True,7932,7932,True,7932,True,
L0089-D20170614-T170115-ES60.raw,True,latlon+sentence,True,True,True,7932,7932,True,7932,True,
L0089-D20170614-T174519-ES60.raw,True,latlon+sentence,True,True,True,492,492,True,492,True,
L0090-D20170614-T174805-ES60.raw,True,latlon+sentence,True,True,True,7932,7932,True,7932,True,
L0090-D20170614-T183209-ES60.raw,True,latlon+sentence,True,True,True,2376,2376,True,2376,True,
L0091-D20170615-T063934-ES60.raw,True,latlon+sentence,True,True,True,7932,7932,True,7932,True,
L0091-D20170615-T072337-ES60.raw,True,latlon+sentence,True,True,True,2886,2886,True,2886,True,
L0092-D20170615-T073940-ES60.raw,True,latlon+sentence,True,True,True,7929,7929,True,7929,True,
L0092-D20170615-T082343-ES60.raw,True,latlon+sentence,True,True,True,7932,7932,True,7932,True,
L0092-D20170615-T090747-ES60.raw,True,latlon+sentence,True,True,True,2046,2046,True,2046,True,
L0093-D20170615-T091911-ES60.raw,True,latlon+sentence,True,True,True,7932,7932,True,7932,True,
L0093-D20170615-T100314-ES60.raw,True,latlon+sentence,True,True,True,570,570,True,570,True,
L0094-D20170615-T100626-ES60.raw,True,latlon+sentence,True,True,True,7929,7929,True,7929,True,
L0094-D20170615-T105029-ES60.raw,True,latlon+sentence,True,True,True,7932,7932,True,7932,True,
L0094-D20170615-T113433-ES60.raw,True,latlon+sentence,True,True,True,3672,3672,True,3672,True,
L0095-D20170615-T115459-ES60.raw,True,latlon+sentence,True,True,True,7932,7932,True,7932,True,
L0095-D20170615-T123902-ES60.raw,True,latlon+sentence,True,True,True,756,756,True,756,True,
L0096-D20170615-T124316-ES60.raw,True,latlon+sentence,True,True,True,7932,7932,True,7932,True,
L0096-D20170615-T132719-ES60.raw,True,latlon+sentence,True,True,True,7932,7932,True,7932,True,
L0096-D20170615-T141123-ES60.raw,True,latlon+sentence,True,True,True,3741,3741,True,3741,True,
L0097-D20170615-T143212-ES60.raw,True,latlon+sentence,True,True,True,7932,7932,True,7932,True,
L0097-D20170615-T151616-ES60.raw,True,latlon+sentence,True,True,True,858,858,True,858,True,
L0098-D20170615-T152102-ES60.raw,True,latlon+sentence,True,True,True,7929,7929,True,7929,True,
L0098-D20170615-T160506-ES60.raw,True,latlon+sentence,True,True,True,7932,7932,True,7932,True,
L0098-D20170615-T164910-ES60.raw,True,latlon+sentence,True,True,True,5625,5625,True,5625,True,
L0099-D20170615-T172026-ES60.raw,True,latlon+sentence,True,True,True,6573,6573,True,6573,True,
L0100-D20170615-T175658-ES60.raw,True,latlon+sentence,True,True,True,7932,7932,True,7932,True,
L0100-D20170615-T184101-ES60.raw,True,latlon+sentence,True,True,True,7929,7929,True,7929,True,
L0100-D20170615-T192505-ES60.raw,True,latlon+sentence,True,True,True,7932,7932,True,7932,True,
L0100-D20170615-T200908-ES60.raw,True,latlon+sentence,True,True,True,1860,1860,True,1860,True,
L0101-D20170616-T064034-ES60.raw,True,latlon+sentence,True,True,True,7932,7932,True,7932,True,
L0101-D20170616-T072438-ES60.raw,True,latlon+sentence,True,True,True,2520,2520,True,2520,True,
L0102-D20170616-T073840-ES60.raw,True,latlon+sentence,True,True,True,7932,7932,True,7932,True,
L0102-D20170616-T082243-ES60.raw,True,latlon+sentence,True,True,True,7929,7929,True,7929,True,
L0102-D20170616-T090646-ES60.raw,True,latlon+sentence,True,True,True,3594,3594,True,3594,True,
L0103-D20170616-T092646-ES60.raw,True,latlon+sentence,True,True,True,7932,7932,True,7932,True,
L0103-D20170616-T101049-ES60.raw,True,latlon+sentence,True,True,True,483,483,True,483,True,
L0104-D20170616-T101331-ES60.raw,True,latlon+sentence,True,True,True,7929,7929,True,7929,True,
L0104-D20170616-T105734-ES60.raw,True,latlon+sentence,True,True,True,7929,7929,True,7929,True,
L0104-D20170616-T114138-ES60.raw,True,latlon+sentence,True,True,True,3051,3051,True,3051,True,
L0105-D20170616-T115835-ES60.raw,True,latlon+sentence,True,True,True,7929,7929,True,7929,True,
L0105-D20170616-T124239-ES60.raw,True,latlon+sentence,True,True,True,795,795,True,795,True,
L0106-D20170616-T124705-ES60.raw,True,latlon+sentence,True,True,True,7932,7932,True,7932,True,
L0106-D20170616-T133109-ES60.raw,True,latlon+sentence,True,True,True,7932,7932,True,7932,True,
L0106-D20170616-T141513-ES60.raw,True,latlon+sentence,True,True,True,4329,4329,True,4329,True,
L0107-D20170616-T143917-ES60.raw,True,latlon+sentence,True,True,True,7932,7932,True,7932,True,
L0107-D20170616-T152320-ES60.raw,True,latlon+sentence,True,True,True,933,933,True,933,True,
L0108-D20170616-T152832-ES60.raw,True,latlon+sentence,True,True,True,7929,7929,True,7929,True,
L0108-D20170616-T161236-ES60.raw,True,latlon+sentence,True,True,True,7932,7932,True,7932,True,
L0108-D20170616-T165640-ES60.raw,True,latlon+sentence,True,True,True,4521,4521,True,4521,True,
L0109-D20170616-T172148-ES60.raw,True,latlon+sentence,True,True,True,7932,7932,True,7932,True,
L0109-D20170616-T180552-ES60.raw,True,latlon+sentence,True,True,True,732,732,True,732,True,
L0110-D20170616-T180956-ES60.raw,True,latlon+sentence,True,True,True,7932,7932,True,7932,True,
L0110-D20170616-T185400-ES60.raw,True,latlon+sentence,True,True,True,7932,7932,True,7932,True,
L0110-D20170616-T193804-ES60.raw,True,latlon+sentence,True,True,True,3435,3435,True,3435,True,
L0111-D20170617-T065020-ES60.raw,True,latlon+sentence,True,True,True,7929,7929,True,7929,True,
L0111-D20170617-T073423-ES60.raw,True,latlon+sentence,True,True,True,1635,1635,True,1635,True,
L0112-D20170617-T074329-ES60.raw,True,latlon+sentence,True,True,True,7932,7932,True,7932,True,
L0112-D20170617-T082733-ES60.raw,True,latlon+sentence,True,True,True,7932,7932,True,7932,True,
L0112-D20170617-T091137-ES60.raw,True,latlon+sentence,True,True,True,3624,3624,True,3624,True,
L0113-D20170617-T093147-ES60.raw,True,latlon+sentence,True,True,True,7932,7932,True,7932,True,
L0113-D20170617-T101550-ES60.raw,True,latlon+sentence,True,True,True,561,561,True,561,True,
L0114-D20170617-T101859-ES60.raw,True,latlon+sentence,True,True,True,7932,7932,True,7932,True,
L0114-D20170617-T110302-ES60.raw,True,latlon+sentence,True,True,True,7929,7929,True,7929,True,
L0114-D20170617-T114705-ES60.raw,True,latlon+sentence,True,True,True,4566,4566,True,4566,True,
L0115-D20170617-T121228-ES60.raw,True,latlon+sentence,True,True,True,7935,7935,True,7935,True,
L0115-D20170617-T125632-ES60.raw,True,latlon+sentence,True,True,True,162,162,True,162,True,
L0116-D20170617-T125727-ES60.raw,True,latlon+sentence,True,True,True,7929,7929,True,7929,True,
L0116-D20170617-T134130-ES60.raw,True,latlon+sentence,True,True,True,7929,7929,True,7929,True,
L0116-D20170617-T142534-ES60.raw,True,latlon+sentence,True,True,True,3783,3783,True,3783,True,
L0117-D20170617-T144635-ES60.raw,True,latlon+sentence,True,True,True,7929,7929,True,7929,True,
L0117-D20170617-T153039-ES60.raw,True,latlon+sentence,True,True,True,3978,3978,True,3978,True,
L0118-D20170617-T155245-ES60.raw,True,latlon+sentence,True,True,True,7929,7929,True,7929,True,
L0118-D20170617-T163649-ES60.raw,True,latlon+sentence,True,True,True,7932,7932,True,7932,True,
L0118-D20170617-T172053-ES60.raw,True,latlon+sentence,True,True,True,7932,7932,True,7932,True,
L0118-D20170617-T180457-ES60.raw,True,latlon+sentence,True,True,True,7932,7932,True,7932,True,
L0118-D20170617-T184901-ES60.raw,True,latlon+sentence,True,True,True,7932,7932,True,7932,True,
L0118-D20170617-T193305-ES60.raw,True,latlon+sentence,True,True,True,7932,7932,True,7932,True,
L0118-D20170617-T201709-ES60.raw,True,latlon+sentence,True,True,True,7932,7932,True,7932,True,
L0118-D20170617-T210113-ES60.raw,True,latlon+sentence,True,True,True,7932,7932,True,7932,True,
L0118-D20170617-T214517-ES60.raw,True,latlon+sentence,True,True,True,7932,7932,True,7932,True,
L0118-D20170617-T222921-ES60.raw,True,latlon+sentence,True,True,True,7932,7932,True,7932,True,
L0118-D20170617-T231325-ES60.raw,True,latlon+sentence,True,True,True,7932,7932,True,7932,True,
L0118-D20170617-T235729-ES60.raw,True,latlon+sentence,True,True,True,7932,7932,True,7932,True,
L0118-D20170618-T004133-ES60.raw,True,latlon+sentence,True,True,True,7932,7932,True,7932,True,
L0118-D20170618-T012537-ES60.raw,True,latlon+sentence,True,True,True,7932,7932,True,7932,True,
L0118-D20170618-T020941-ES60.raw,True,latlon+sentence,True,True,True,7932,7932,True,7932,True,
L0118-D20170618-T025345-ES60.raw,True,latlon+sentence,True,True,True,7932,7932,True,7932,True,
L0118-D20170618-T033749-ES60.raw,True,latlon+sentence,True,True,True,7935,7935,True,7935,True,
L0118-D20170618-T042154-ES60.raw,True,latlon+sentence,True,True,True,7932,7932,True,7932,True,
L0118-D20170618-T050558-ES60.raw,True,latlon+sentence,True,True,True,7932,7932,True,7932,True,
L0118-D20170618-T055002-ES60.raw,True,latlon+sentence,True,True,True,7932,7932,True,7932,True,
L0118-D20170618-T063406-ES60.raw,True,latlon+sentence,True,True,True,4806,4806,True,4806,True,
L0119-D20170618-T070059-ES60.raw,True,latlon+sentence,True,True,True,7932,7932,True,7932,True,
L0119-D20170618-T074503-ES60.raw,True,latlon+sentence,True,True,True,495,495,True,495,True,
L0120-D20170618-T074749-ES60.raw,True,latlon+sentence,True,True,True,7932,7932,True,7932,True,
L0120-D20170618-T083153-ES60.raw,True,latlon+sentence,True,True,True,7932,7932,True,7932,True,
L0120-D20170618-T091557-ES60.raw,True,latlon+sentence,True,True,True,5586,5586,True,5586,True,
L0121-D20170618-T094701-ES60.raw,True,latlon+sentence,True,True,True,7932,7932,True,7932,True,
L0121-D20170618-T103104-ES60.raw,True,latlon+sentence,True,True,True,1614,1614,True,1614,True,
L0122-D20170618-T104004-ES60.raw,True,latlon+sentence,True,True,True,7929,7929,True,7929,True,
L0122-D20170618-T112407-ES60.raw,True,latlon+sentence,True,True,True,7932,7932,True,7932,True,
L0122-D20170618-T120810-ES60.raw,True,latlon+sentence,True,True,True,2724,2724,True,2724,True,
L0123-D20170618-T122323-ES60.raw,True,latlon+sentence,True,True,True,7932,7932,True,7932,True,
L0123-D20170618-T130726-ES60.raw,True,latlon+sentence,True,True,True,4305,4305,True,4305,True,
L0124-D20170618-T133123-ES60.raw,True,latlon+sentence,True,True,True,7932,7932,True,7932,True,
L0124-D20170618-T141527-ES60.raw,True,latlon+sentence,True,True,True,7932,7932,True,7932,True,
L0125-D20170618-T145937-ES60.raw,True,latlon+sentence,True,True,True,7929,7929,True,7929,True,
L0125-D20170618-T154341-ES60.raw,True,latlon+sentence,True,True,True,1023,1023,True,1023,True,
L0126-D20170618-T154922-ES60.raw,True,latlon+sentence,True,True,True,7929,7929,True,7929,True,
L0126-D20170618-T163325-ES60.raw,True,latlon+sentence,True,True,True,7932,7932,True,7932,True,
L0126-D20170618-T171728-ES60.raw,True,latlon+sentence,True,True,True,2271,2271,True,2271,True,
L0127-D20170618-T173007-ES60.raw,True,latlon+sentence,True,True,True,7932,7932,True,7932,True,
L0127-D20170618-T181410-ES60.raw,True,latlon+sentence,True,True,True,1530,1530,True,1530,True,
L0128-D20170618-T182241-ES60.raw,True,latlon+sentence,True,True,True,7932,7932,True,7932,True,
L0128-D20170618-T190644-ES60.raw,True,latlon+sentence,True,True,True,7929,7929,True,7929,True,
L0128-D20170618-T195048-ES60.raw,True,latlon+sentence,True,True,True,7932,7932,True,7932,True,
L0128-D20170618-T203452-ES60.raw,True,latlon+sentence,True,True,True,7932,7932,True,7932,True,
L0128-D20170618-T211856-ES60.raw,True,latlon+sentence,True,True,True,7932,7932,True,7932,True,
L0128-D20170618-T220300-ES60.raw,True,latlon+sentence,True,True,True,7938,7938,True,7938,True,
L0128-D20170618-T224706-ES60.raw,True,latlon+sentence,True,True,True,7932,7932,True,7932,True,
L0128-D20170618-T233110-ES60.raw,True,latlon+sentence,True,True,True,7932,7932,True,7932,True,
L0128-D20170619-T001514-ES60.raw,True,latlon+sentence,True,True,True,7932,7932,True,7932,True,
L0128-D20170619-T005918-ES60.raw,True,latlon+sentence,True,True,True,7932,7932,True,7932,True,
L0128-D20170619-T014322-ES60.raw,True,latlon+sentence,True,True,True,7932,7932,True,7932,True,
L0128-D20170619-T022726-ES60.raw,True,latlon+sentence,True,True,True,7932,7932,True,7932,True,
L0128-D20170619-T031130-ES60.raw,True,latlon+sentence,True,True,True,7932,7932,True,7932,True,
L0128-D20170619-T035534-ES60.raw,True,latlon+sentence,True,True,True,7932,7932,True,7932,True,
L0128-D20170619-T043938-ES60.raw,True,latlon+sentence,True,True,True,7932,7932,True,7932,True,
L0128-D20170619-T052342-ES60.raw,True,latlon+sentence,True,True,True,7932,7932,True,7932,True,
L0128-D20170619-T060746-ES60.raw,True,latlon+sentence,True,True,True,2418,2418,True,2418,True,
L0129-D20170619-T062113-ES60.raw,True,latlon+sentence,True,True,True,7932,7932,True,7932,True,
L0129-D20170619-T070517-ES60.raw,True,latlon+sentence,True,True,True,7932,7932,True,7932,True,
L0129-D20170619-T074921-ES60.raw,True,latlon+sentence,True,True,True,7932,7932,True,7932,True,
L0129-D20170619-T083325-ES60.raw,True,latlon+sentence,True,True,True,2958,2958,True,2958,True,
L0130-D20170619-T084952-ES60.raw,True,latlon+sentence,True,True,True,7929,7929,True,7929,True,
L0130-D20170619-T093355-ES60.raw,True,latlon+sentence,True,True,True,7932,7932,True,7932,True,
L0130-D20170619-T101759-ES60.raw,True,latlon+sentence,True,True,True,7932,7932,True,7932,True,
L0130-D20170619-T110203-ES60.raw,True,latlon+sentence,True,True,True,2439,2439,True,2439,True,
L0131-D20170619-T111539-ES60.raw,True,latlon+sentence,True,True,True,7929,7929,True,7929,True,
L0131-D20170619-T115942-ES60.raw,True,latlon+sentence,True,True,True,7929,7929,True,7929,True,
L0131-D20170619-T124346-ES60.raw,True,latlon+sentence,True,True,True,1899,1899,True,1899,True,
L0132-D20170619-T125420-ES60.raw,True,latlon+sentence,True,True,True,7932,7932,True,7932,True,
L0132-D20170619-T133823-ES60.raw,True,latlon+sentence,True,True,True,7929,7929,True,7929,True,
L0132-D20170619-T142227-ES60.raw,True,latlon+sentence,True,True,True,7932,7932,True,7932,True,
L0132-D20170619-T150630-ES60.raw,True,latlon+sentence,True,True,True,6354,6354,True,6354,True,
L0133-D20170619-T154150-ES60.raw,True,latlon+sentence,True,True,True,7932,7932,True,7932,True,
L0133-D20170619-T162553-ES60.raw,True,latlon+sentence,True,True,True,783,783,True,783,True,
L0134-D20170619-T163015-ES60.raw,True,latlon+sentence,True,True,True,7929,7929,True,7929,True,
L0134-D20170619-T171418-ES60.raw,True,latlon+sentence,True,True,True,7929,7929,True,7929,True,
L0134-D20170619-T175822-ES60.raw,True,latlon+sentence,True,True,True,7932,7932,True,7932,True,
L0134-D20170619-T184225-ES60.raw,True,latlon+sentence,True,True,True,7929,7929,True,7929,True,
L0134-D20170619-T192629-ES60.raw,True,latlon+sentence,True,True,True,7932,7932,True,7932,True,
L0134-D20170619-T201032-ES60.raw,True,latlon+sentence,True,True,True,7935,7935,True,7935,True,
L0134-D20170619-T205438-ES60.raw,True,latlon+sentence,True,True,True,7932,7932,True,7932,True,
L0134-D20170619-T213842-ES60.raw,True,latlon+sentence,True,True,True,7932,7932,True,7932,True,
L0134-D20170619-T222246-ES60.raw,True,latlon+sentence,True,True,True,7932,7932,True,7932,True,
L0134-D20170619-T230650-ES60.raw,True,latlon+sentence,True,True,True,7932,7932,True,7932,True,
L0134-D20170619-T235054-ES60.raw,True,latlon+sentence,True,True,True,7932,7932,True,7932,True,
L0134-D20170620-T003458-ES60.raw,True,latlon+sentence,True,True,True,7932,7932,True,7932,True,
L0134-D20170620-T011902-ES60.raw,True,latlon+sentence,True,True,True,7932,7932,True,7932,True,
L0134-D20170620-T020306-ES60.raw,True,latlon+sentence,True,True,True,7932,7932,True,7932,True,
L0134-D20170620-T024710-ES60.raw,True,latlon+sentence,True,True,True,7932,7932,True,7932,True,
L0134-D20170620-T033114-ES60.raw,True,latlon+sentence,True,True,True,7932,7932,True,7932,True,
L0134-D20170620-T041518-ES60.raw,True,latlon+sentence,True,True,True,7932,7932,True,7932,True,
L0134-D20170620-T045922-ES60.raw,True,latlon+sentence,True,True,True,7932,7932,True,7932,True,
L0134-D20170620-T054326-ES60.raw,True,latlon+sentence,True,True,True,7932,7932,True,7932,True,
L0134-D20170620-T062730-ES60.raw,True,latlon+sentence,True,True,True,7932,7932,True,7932,True,
L0134-D20170620-T071033-ES60.raw,True,latlon+sentence,True,True,True,7932,7932,True,7932,True,
L0134-D20170620-T075437-ES60.raw,True,latlon+sentence,True,True,True,2781,2781,True,2781,True,
L0135-D20170622-T213824-ES60.raw,True,latlon+sentence,True,True,True,7932,7932,True,7932,True,
L0135-D20170622-T222227-ES60.raw,True,latlon+sentence,True,True,True,7932,7932,True,7932,True,
L0135-D20170622-T230631-ES60.raw,True,latlon+sentence,True,True,True,7932,7932,True,7932,True,
L0135-D20170622-T235035-ES60.raw,True,latlon+sentence,True,True,True,7932,7932,True,7932,True,
L0135-D20170623-T003439-ES60.raw,True,latlon+sentence,True,True,True,7944,7944,True,7944,True,
L0135-D20170623-T011847-ES60.raw,True,latlon+sentence,True,True,True,7932,7932,True,7932,True,
L0135-D20170623-T020251-ES60.raw,True,latlon+sentence,True,True,True,7938,7938,True,7938,True,
L0135-D20170623-T024657-ES60.raw,True,latlon+sentence,True,True,True,7932,7932,True,7932,True,
L0135-D20170623-T033101-ES60.raw,True,latlon+sentence,True,True,True,7932,7932,True,7932,True,
L0135-D20170623-T041505-ES60.raw,True,latlon+sentence,True,True,True,7932,7932,True,7932,True,
L0135-D20170623-T045910-ES60.raw,True,latlon+sentence,True,True,True,7932,7932,True,7932,True,
L0135-D20170623-T054314-ES60.raw,True,latlon+sentence,True,True,True,7932,7932,True,7932,True,
L0135-D20170623-T062718-ES60.raw,True,latlon+sentence,True,True,True,3942,3942,True,3942,True,
L0136-D20170623-T064913-ES60.raw,True,latlon+sentence,True,True,True,7932,7931,True,7932,True,
L0136-D20170623-T073317-ES60.raw,True,latlon+sentence,True,True,True,7929,7929,True,7929,True,
L0136-D20170623-T081720-ES60.raw,True,latlon+sentence,True,True,True,3831,3831,True,3831,True,
L0137-D20170623-T083838-ES60.raw,True,latlon+sentence,True,True,True,7935,7935,True,7935,True,
L0137-D20170623-T092243-ES60.raw,True,latlon+sentence,True,True,True,7932,7932,True,7932,True,
L0137-D20170623-T100647-ES60.raw,True,latlon+sentence,True,True,True,7932,7932,True,7932,True,
L0137-D20170623-T105051-ES60.raw,True,latlon+sentence,True,True,True,7932,7932,True,7932,True,
L0137-D20170623-T113455-ES60.raw,True,latlon+sentence,True,True,True,4659,4659,True,4659,True,
L0138-D20170623-T120049-ES60.raw,True,latlon+sentence,True,True,True,7929,7929,True,7929,True,
L0138-D20170623-T124452-ES60.raw,True,latlon+sentence,True,True,True,5826,5826,True,5826,True,
L0139-D20170623-T131715-ES60.raw,True,latlon+sentence,True,True,True,7929,7929,True,7929,True,
L0139-D20170623-T140118-ES60.raw,True,latlon+sentence,True,True,True,5127,5127,True,5127,True,
L0140-D20170623-T142949-ES60.raw,True,latlon+sentence,True,True,True,7932,7932,True,7932,True,
L0140-D20170623-T151352-ES60.raw,True,latlon+sentence,True,True,True,7938,7938,True,7938,True,
L0140-D20170623-T155758-ES60.raw,True,latlon+sentence,True,True,True,3789,3789,True,3789,True,
L0141-D20170623-T161902-ES60.raw,True,latlon+sentence,True,True,True,7932,7932,True,7932,True,
L0141-D20170623-T170305-ES60.raw,True,latlon+sentence,True,True,True,7932,7932,True,7932,True,
L0141-D20170623-T174709-ES60.raw,True,latlon+sentence,True,True,True,321,321,True,321,True,
L0142-D20170623-T174858-ES60.raw,True,latlon+sentence,True,True,True,7932,7932,True,7932,True,
L0142-D20170623-T183302-ES60.raw,True,latlon+sentence,True,True,True,7932,7932,True,7932,True,
L0142-D20170623-T191706-ES60.raw,True,latlon+sentence,True,True,True,5433,5433,True,5433,True,
L0143-D20170624-T065557-ES60.raw,True,latlon+sentence,True,True,True,7932,7932,True,7932,True,
L0143-D20170624-T074001-ES60.raw,True,latlon+sentence,True,True,True,7932,7932,True,7932,True,
L0143-D20170624-T082405-ES60.raw,True,latlon+sentence,True,True,True,7929,7929,True,7929,True,
L0143-D20170624-T090808-ES60.raw,True,latlon+sentence,True,True,True,7932,7932,True,7932,True,
L0143-D20170624-T095212-ES60.raw,True,latlon+sentence,True,True,True,7932,7932,True,7932,True,
L0143-D20170624-T103616-ES60.raw,True,latlon+sentence,True,True,True,2616,2616,True,2616,True,
L0144-D20170624-T105049-ES60.raw,True,latlon+sentence,True,True,True,7932,7932,True,7932,True,
L0144-D20170624-T113453-ES60.raw,True,latlon+sentence,True,True,True,7938,7938,True,7938,True,
L0144-D20170624-T121859-ES60.raw,True,latlon+sentence,True,True,True,4227,4227,True,4227,True,
L0145-D20170624-T124229-ES60.raw,True,latlon+sentence,True,True,True,7941,7941,True,7941,True,
L0145-D20170624-T132635-ES60.raw,True,latlon+sentence,True,True,True,7932,7932,True,7932,True,
L0145-D20170624-T141039-ES60.raw,True,latlon+sentence,True,True,True,7932,7932,True,7932,True,
L0145-D20170624-T145443-ES60.raw,True,latlon+sentence,True,True,True,7932,7932,True,7932,True,
L0145-D20170624-T153847-ES60.raw,True,latlon+sentence,True,True,True,7959,7959,True,7959,True,
L0145-D20170624-T162300-ES60.raw,True,latlon+sentence,True,True,True,5169,5169,True,5169,True,
L0146-D20170624-T165144-ES60.raw,True,latlon+sentence,True,True,True,7932,7932,True,7932,True,
L0146-D20170624-T173548-ES60.raw,True,latlon+sentence,True,True,True,7938,7938,True,7938,True,
L0146-D20170624-T181954-ES60.raw,True,latlon+sentence,True,True,True,7020,7020,True,7020,True,
L0147-D20170624-T185855-ES60.raw,True,latlon+sentence,True,True,True,7932,7932,True,7932,True,
L0147-D20170624-T194259-ES60.raw,True,latlon+sentence,True,True,True,7932,7932,True,7932,True,
L0147-D20170624-T202703-ES60.raw,True,latlon+sentence,True,True,True,7938,7938,True,7938,True,
L0147-D20170624-T211109-ES60.raw,True,latlon+sentence,True,True,True,7932,7932,True,7932,True,
L0147-D20170624-T215513-ES60.raw,True,latlon+sentence,True,True,True,7938,7938,True,7938,True,
L0147-D20170624-T223919-ES60.raw,True,latlon+sentence,True,True,True,7935,7935,True,7935,True,
L0147-D20170624-T232324-ES60.raw,True,latlon+sentence,True,True,True,7932,7932,True,7932,True,
L0147-D20170625-T000728-ES60.raw,True,latlon+sentence,True,True,True,7932,7932,True,7932,True,
L0147-D20170625-T005132-ES60.raw,True,latlon+sentence,True,True,True,7932,7932,True,7932,True,
L0147-D20170625-T013536-ES60.raw,True,latlon+sentence,True,True,True,7932,7932,True,7932,True,
L0147-D20170625-T021940-ES60.raw,True,latlon+sentence,True,True,True,7932,7932,True,7932,True,
L0147-D20170625-T030344-ES60.raw,True,latlon+sentence,True,True,True,7938,7938,True,7938,True,
L0147-D20170625-T034750-ES60.raw,True,latlon+sentence,True,True,True,7932,7932,True,7932,True,
L0147-D20170625-T043154-ES60.raw,True,latlon+sentence,True,True,True,7932,7932,True,7932,True,
L0147-D20170625-T051558-ES60.raw,True,latlon+sentence,True,True,True,7929,7929,True,7929,True,
L0147-D20170625-T060002-ES60.raw,True,latlon+sentence,True,True,True,7938,7938,True,7938,True,
L0147-D20170625-T064408-ES60.raw,True,latlon+sentence,True,True,True,7944,7944,True,7944,True,
L0147-D20170625-T072816-ES60.raw,True,latlon+sentence,True,True,True,5868,5868,True,5868,True,
L0148-D20170625-T080053-ES60.raw,True,latlon+sentence,True,True,True,7944,7944,True,7944,True,
L0148-D20170625-T084501-ES60.raw,True,latlon+sentence,True,True,True,7935,7935,True,7935,True,
L0148-D20170625-T092906-ES60.raw,True,latlon+sentence,True,True,True,5115,5115,True,5115,True,
L0149-D20170625-T095731-ES60.raw,True,latlon+sentence,True,True,True,7932,7932,True,7932,True,
L0149-D20170625-T104135-ES60.raw,True,latlon+sentence,True,True,True,486,486,True,486,True,
L0150-D20170625-T104418-ES60.raw,True,latlon+sentence,True,True,True,7932,7932,True,7932,True,
L0150-D20170625-T112822-ES60.raw,True,latlon+sentence,True,True,True,7932,7932,True,7932,True,
L0150-D20170625-T121226-ES60.raw,True,latlon+sentence,True,True,True,2826,2826,True,2826,True,
L0151-D20170625-T122809-ES60.raw,True,latlon+sentence,True,True,True,7935,7935,True,7935,True,
L0151-D20170625-T131214-ES60.raw,True,latlon+sentence,True,True,True,3030,3030,True,3030,True,
L0152-D20170625-T132905-ES60.raw,True,latlon+sentence,True,True,True,7935,7935,True,7935,True,
L0152-D20170625-T141310-ES60.raw,True,latlon+sentence,True,True,True,7932,7932,True,7932,True,
L0152-D20170625-T145714-ES60.raw,True,latlon+sentence,True,True,True,7932,7932,True,7932,True,
L0152-D20170625-T154118-ES60.raw,True,latlon+sentence,True,True,True,7932,7932,True,7932,True,
L0152-D20170625-T162522-ES60.raw,True,latlon+sentence,True,True,True,3363,3363,True,3363,True,
L0153-D20170625-T164408-ES60.raw,True,latlon+sentence,True,True,True,7938,7938,True,7938,True,
L0167-D20170627-T121140-ES60.raw,True,latlon+sentence,True,True,True,129,129,True,129,True,
L0174-D20170628-T065110-ES60.raw,True,latlon+sentence,True,True,True,3,3,True,3,True,
L0197-D20170630-T103855-ES60.raw,True,latlon+sentence,True,True,True,123,123,True,123,True,
L0214-D20170702-T144342-ES60.raw,True,latlon+sentence,True,True,True,78,78,True,78,True,
L0393-D20170731-T153104-ES60.raw,True,latlon+sentence,True,True,True,42,42,True,42,True,
